{
  "provinces": {
    "mien_bac": {
      "name": "Miền Bắc",
      "code": "MB",
      "provinces": [
        "Hà Nội",
        "Hải Phòng",
        "Quảng Ninh",
        "Bắc Ninh",
        "Hải Dương",
        "Hưng Yên",
        "Thái Bình",
        "Nam Định",
        "Ninh Bình",
        "Hà Nam",
        "Vĩnh Phúc",
        "Bắc Giang",
        "Phú Thọ",
        "Thái Nguyên",
        "Lạng Sơn",
        "Cao Bằng",
        "Bắc Kạn",
        "Tuyên Quang",
        "Yên Bái",
        "Sơn La",
        "Điện Biên",
        "Lai Châu",
        "Lào Cai",
        "Hà Giang",
        "Hòa Bình"
      ]
    },
    "mien_trung": {
      "name": "Miền Trung",
      "code": "MT",
      "provinces": [
        "Đà Nẵng",
        "Quảng Nam",
        "Quảng Ngãi",
        "Bình Định",
        "Phú Yên",
        "Khánh Hòa",
        "Ninh Thuận",
        "Bình Thuận",
        "Thanh Hóa",
        "Nghệ An",
        "Hà Tĩnh",
        "Quảng Bình",
        "Quảng Trị",
        "Thừa Thiên Huế",
        "Kon Tum",
        "Gia Lai",
        "Đắk Lắk",
        "Đắk Nông",
        "Lâm Đồng"
      ]
    },
    "mien_nam": {
      "name": "Miền Nam",
      "code": "MN",
      "provinces": [
        "Hồ Chí Minh",
        "TP. Hồ Chí Minh",
        "Sài Gòn",
        "Biên Hòa",
        "Đồng Nai",
        "Bình Dương",
        "Long An",
        "Tiền Giang",
        "Bến Tre",
        "Vĩnh Long",
        "Trà Vinh",
        "Cần Thơ",
        "Đồng Tháp",
        "An Giang",
        "Kiên Giang",
        "Hậu Giang",
        "Sóc Trăng",
        "Bạc Liêu",
        "Cà Mau",
        "Tây Ninh",
        "Bình Phước",
        "Bà Rịa - Vũng Tàu"
      ]
    }
  },
  "districts": {
    "ha_noi": [
      "Ba Đình",
      "Hoàn Kiếm",
      "Tây Hồ",
      "Long Biên",
      "Cầu Giấy",
      "Đống Đa",
      "Hai Bà Trưng",
      "Hoàng Mai",
      "Thanh Xuân",
      "Sóc Sơn",
      "Đông Anh",
      "Gia Lâm",
      "Nam Từ Liêm",
      "Bắc Từ Liêm",
      "Hà Đông"
    ],
    "ho_chi_minh": [
      "Quận 1",
      "Quận 2",
      "Quận 3",
      "Quận 4",
      "Quận 5",
      "Quận 6",
      "Quận 7",
      "Quận 8",
      "Quận 9",
      "Quận 10",
      "Quận 11",
      "Quận 12",
      "Thủ Đức",
      "Bình Thạnh",
      "Gò Vấp",
      "Phú Nhuận",
      "Tân Bình",
      "Tân Phú",
      "Bình Tân"
    ]
  },
  "postal_codes": {
    "mien_bac": [
      "10",
      "11",
      "12",
      "13",
      "14",
      "15",
      "16",
      "17",
      "18",
      "19",
      "20"
    ],
    "mien_trung": [
      "50",
      "51",
      "52",
      "53",
      "54",
      "55",
      "56",
      "57",
      "58",
      "59",
      "60"
    ],
    "mien_nam": [
      "70",
      "71",
      "72",
      "73",
      "74",
      "75",
      "76",
      "77",
      "78",
      "79",
      "80"
    ]
  },
  "keywords": {
    "north": ["hà nội", "thủ đô", "miền bắc", "bắc bộ"],
    "central": ["đà nẵng", "huế", "miền trung", "trung bộ"],
    "south": ["hồ chí minh", "sài gòn", "miền nam", "nam bộ"]
  }
}
